branch_name,competitor_count,avg_distance_miles,median_distance_miles,size_large,size_medium,size_small,size_unknown,count_scaffolding_high_confidence,count_forming_shoring_high_confidence,count_insulation_high_confidence,count_painting_high_confidence,count_motorized_high_confidence,count_specialty_high_confidence,closest_competitors
0172 - ASI - VANCOUVER IS,51,8.075764705882353,7.35,7,42,2,0,23,23,18,5,6,23,Alliance Refractories BC (0.1mi); Tricities Scaffolding (0.6mi); Matcon (0.8mi); Crossroads C & I Distributors (1.9mi); Atlas Scaffolding Ltd. (2.0mi); Northstar Access (2.7mi); Ener-Spray Pacific (2.7mi); Elevations Scaffold Ltd. (3.0mi); United Scaffold Supply Company (3.2mi); TTF Scaffolding Inc. (3.8mi)
0342 - DAVENPORT,7,5.170571428571429,4.45,2,3,2,0,3,1,5,2,1,6,"Gagnon, Inc. (0.3mi); Rc Scaffolding (3.6mi); Valley Construction Co. (4.2mi); QC Blasting and Coating, Inc. (4.5mi); IITI Group, Inc. (6.7mi); Linco Refractory Supply Inc. (8.1mi); Refractory-Insulation Supply (8.8mi)"
0366 - MINNEAPOLIS,7,9.395,9.57,0,7,0,0,2,1,4,1,1,4,ARC Services Inc. (0.7mi); Thermech (9.5mi); Insulation Inc. (9.5mi); Vesta Firestopping (9.6mi); Applied Thermal Systems Inc. (11.0mi); Refractory Service Inc (11.6mi); D&H (13.9mi)
0566 - BGO FORT WORTH,14,19.807,19.625999999999998,2,11,1,0,7,6,6,5,4,9,"Scaffold Barn (7.7mi); K&G Industrial Services (9.6mi); Upright Industrial Group (11.1mi); Shotwell & Son Inc (18.2mi); A&J Ecoblasting (18.8mi); Superior Attic (18.9mi); Firetrol Protection Systems, Inc. (19.3mi); Industrial Refractory Services Inc. (20.0mi); BETCO Scaffolds (20.5mi); MDM Scaffolding (22.2mi)"
0567 - BGO SCHERTZ,11,15.664363636363635,14.677,3,6,2,0,7,4,6,4,3,6,"1 Priority Coating and Bridge Painting - An EIS Company (6.1mi); Scaffold Engineering, Inc. (8.3mi); Specialty Coating Products (12.4mi); Performance Contracting Inc (12.9mi); General Insulation Company, Inc. (13.5mi); ScaffoldBox San Antonio (14.7mi); BETCO Scaffolds (15.9mi); United Rentals - Fluid Solutions: Pumps, Tanks, Filtration (18.2mi); Williams Insulation / Chase Insulation (22.8mi); Elite Blasting and Coatings (23.0mi)"
0568 - BGO OMAHA,12,16.35375,16.3765,2,8,2,0,4,4,9,2,2,5,McNeil Industrial (0.2mi); Sunbelt Rentals Scaffold Services (7.3mi); Apache Industrial (9.2mi); Mid-Plains Insulation (10.5mi); Contractor Solutions Trench Shoring (11.2mi); Patrick Insulation (16.2mi); Mac Pipe Insulation Co (16.6mi); Midwest Insulation Services Inc (19.7mi); Arctic Insulation Inc (22.6mi); General Excavating (25.1mi)
0570 - BGO WICHITA,6,7.448333333333333,3.0679999999999996,1,5,0,0,1,0,3,1,0,1,"Jordan Spray Insulation (1.0mi); UCI - Industrial Construction Services (1.7mi); Five Star Mechanical Inc (1.8mi); MSI - Mechanical Systems Inc. (4.3mi); Arma Coatings & Spray Foam Insulation of Wichita (12.1mi); PK Industrial, LLC (23.8mi)"
0573 - BGO WISCONSIN RAPIDS,1,3.988,3.988,0,1,0,0,0,0,1,0,0,1,ECC Corrosion Inc (4.0mi)
1210 - ASI EDMONTON IS,48,6.460833333333333,4.2075,5,36,7,0,20,7,15,13,6,25,Edmonton sandblasting & Painting Ltd. (0.2mi); Paragon Protective Coatings Ltd. (0.6mi); Team Industrial Services Inc. - Mechanical Services (1.6mi); Team Industrial Services - Inspection & Heat Treat Services (1.6mi); Engineered Containment Inc. (1.6mi); Do It Sandblasting & Painting (1.7mi); Chinook Scaffold Systems Ltd (2.4mi); Tehilla Firestopping & Fireproofing (2.4mi); MSCP Heat Management Solutions (2.4mi); Green Scaffolding (2.7mi)
1211-ASI FORT MCMURRAY,6,6.729166666666667,7.826499999999999,4,2,0,0,4,3,4,5,2,6,Volker Stevin (0.4mi); Aluma Systems Canada Inc (4.1mi); SOOGADIN (7.8mi); Park Derochie Inc (7.8mi); Douglas Coatings Ltd (8.2mi); A.P.E. Maintenance Ltd (12.1mi)
1220-ASI CALGARY,22,6.895409090909092,5.1205,5,14,3,0,12,5,15,6,6,15,Westcal Insulation Ltd (1.9mi); Hydro-West Scaffolding Ltd (2.0mi); Hydro Rents Calgary (2.0mi); Brand Energy and Infrastructure Services (3.4mi); Stuart Olson Industrial Inc. (3.7mi); Providence Corrosion Ltd. (3.8mi); Taylor Insulation Services Ltd (4.2mi); Firebrand Insulation and Coatings Ltd. (4.2mi); Safe Access Scaffold (4.4mi); Alberta Insulation Supply & Services (4.5mi)
1241 - SARNIA IS,12,1.8618333333333332,2.101,3,4,5,0,4,3,8,6,3,8,Chalmers Construction Ltd-See Aluma Systems Inc (0.1mi); Aluma Systems (Industrial Services) (0.1mi); Industrial Covers (1.4mi); Taiga Industrial Ltd. | Rope Access Services (1.5mi); Coatings & Polymeric Repairs (CPR) (1.6mi); JBI Coatings Inc (1.7mi); Federal Industrial Services (2.5mi); Spray Foam International (2.5mi); B & D Insulation Inc (2.6mi); C & C Coatings (2.7mi)
1250-ASI HALIFAX,17,5.924647058823529,1.534,6,11,0,0,7,5,9,6,4,10,Aluma Systems (Industrial Services) (0.1mi); Global Firestop Services (0.5mi); Harbour Construction Company Ltd (0.8mi); Atlantica Mechanical Contractors Inc (1.0mi); Team Industrial Svc (1.0mi); Pro Insul Limited (1.0mi); GIT Coatings (1.2mi); Duron Atlantic Ltd (1.3mi); Black & McDonald (1.5mi); Sancton Access (1.7mi)
1270-ASI MONTREAL,12,9.217416666666667,8.8235,2,10,0,0,5,3,4,2,2,8,Aluma Systems (Industrial Services) (0.0mi); Insulation Algon 2000 Inc (1.8mi); Nadeau Isolation (4.5mi); Nordmec Construction Inc (5.7mi); PRIMIS SOLUTIONS D'ÉCHAFAUDAGE INC. (6.2mi); PROTECT FIRE / PROTECTION INCENDIE (8.8mi); Jamco Construction Inc (8.9mi); Peinture Électrostatique XTM Powder Coating (11.5mi); Abrasicorp & Equipment Ltd (13.4mi); Corrosion Service Company Limited (13.6mi)
1271 - ASI OTTAWA,13,9.008076923076924,7.328,4,9,0,0,4,6,6,2,3,5,Scaffex Inc (0.4mi); Hydrovac Ottawa (3.7mi); Defence Construction Canada - Head Office (4.0mi); RLD Industries Ltd (6.8mi); Blundon's Insulation Limited (7.2mi); Thermec Insulation Services Ltd (7.2mi); Great Northern Insulation (7.3mi); O'Reilly Brothers Ltd (7.9mi); A/T Firestop and Fireproofing Solutions Inc. (8.5mi); Tomlinson Piling & Shoring (12.5mi)
1517-ASI EDMONTON CC,48,6.578416666666667,4.5649999999999995,4,37,7,0,20,5,15,13,6,26,Edmonton sandblasting & Painting Ltd. (0.2mi); Paragon Protective Coatings Ltd. (0.6mi); Team Industrial Services Inc. - Mechanical Services (1.6mi); Team Industrial Services - Inspection & Heat Treat Services (1.6mi); Engineered Containment Inc. (1.6mi); Do It Sandblasting & Painting (1.7mi); Chinook Scaffold Systems Ltd (2.4mi); Tehilla Firestopping & Fireproofing (2.4mi); MSCP Heat Management Solutions (2.4mi); Green Scaffolding (2.7mi)
1518-ASI VANCOUVER CC,50,8.05096,7.489,9,39,2,0,22,21,16,4,5,23,Alliance Refractories BC (0.1mi); Tricities Scaffolding (0.6mi); Matcon (0.8mi); Crossroads C & I Distributors (1.9mi); Atlas Scaffolding Ltd. (2.0mi); Northstar Access (2.7mi); Ener-Spray Pacific (2.7mi); Elevations Scaffold Ltd. (3.0mi); United Scaffold Supply Company (3.2mi); TTF Scaffolding Inc. (3.8mi)
1520- ASI TORONTO,37,13.13564864864865,11.902,3,31,3,0,24,20,9,11,8,25,Tops Scaffold & Shoring Supply Ltd. (3.8mi); Khalsa Forming Inc. (4.5mi); Tower Scaffold Services Inc (5.1mi); SCAFFOLD.CA | Scaffolding & Shrink Wrapping (Formerly Bigshow) (5.3mi); Access Industrial Inc. | Fiberglass Grating | FRP Work Platforms | Stair and Step Platform (5.3mi); Primestar International Fire Stopping (5.8mi); Earthline Foundations and Shoring Ltd (6.8mi); Action Scaffold Services (7.0mi); Royal Insulation (7.0mi); Bugan Scaffolding (7.8mi)
1555-ASI MONTREAL,13,9.445153846153847,8.869,2,9,2,0,5,3,6,1,2,9,Aluma Systems (Industrial Services) (0.0mi); Insulation Algon 2000 Inc (1.8mi); Nadeau Isolation (4.5mi); Nordmec Construction Inc (5.7mi); PRIMIS SOLUTIONS D'ÉCHAFAUDAGE INC. (6.2mi); PROTECT FIRE / PROTECTION INCENDIE (8.8mi); Jamco Construction Inc (8.9mi); Isolation Unik Inc (10.8mi); Isolation Larente (12.8mi); Abrasicorp & Equipment Ltd (13.4mi)
2280-ASCC LOS ANGELES,13,18.19030769230769,18.295,3,9,1,0,6,4,0,4,3,9,"Advance Premium Coatings (10.7mi); Devco Sandblasting & Industrial Coat (10.9mi); West Coast Industrial Services Inc (12.0mi); Concrete Protection Systems West, Inc. (12.0mi); Leroy Vasquez Sandblasting (12.1mi); Access Solutions, Inc. DBA JC Scaffold Services. Bonded and Insured CL#1010301 (13.6mi); NGS New Generation Scaffold, Inc (18.3mi); Trench Shoring Company (19.6mi); Suspended Platform Services (21.7mi); ESSI Scaffold (22.0mi)"
229 - ROMEOVILLE,20,19.90295,22.999000000000002,6,13,1,0,10,7,8,7,9,13,"McCahill Painting Company (1.0mi); AMS Industries, Inc. (5.3mi); Americana Industrial Coatings (Specialty Painting & Blasting) (9.1mi); BROCK INDUSTRIAL - BLANKET SHOP (9.6mi); M & O Insulation Company (14.2mi); Stone Mountain Access Systems, Inc. (18.1mi); ANI-Midwest Fireproofing and Insulation (18.6mi); Capital Industrial Coatings (21.2mi); Brand Energy Services (22.3mi); Reynoso Insulation (22.9mi)"
232-BSBI BATON ROUGE,6,21.538,22.183500000000002,1,5,0,0,2,4,2,1,2,6,"Stone Mountain Access Systems, Inc. (18.0mi); Sunbelt Rentals Scaffold Services (18.1mi); Roubion Shoring & Construction (21.1mi); Abry Brothers Inc (23.2mi); Pokorn Construction (23.7mi); Sunlight Contractors (25.0mi)"
318 Pittsburgh,15,10.170666666666667,6.253,4,11,0,0,7,4,6,5,5,12,"McK Construction, LLC (1.2mi); Vertical Access (2.0mi); Envirosafe (2.2mi); John B Conomos Inc (2.7mi); Almega Co (3.0mi); SK Insulation (5.0mi); Geo. V. Hamilton, Inc. (5.8mi); Steel City Scaffolding of Pittsburgh, LLC (6.3mi); United Rentals - Trench Safety (11.3mi); Tri-State Industrial Services Inc (12.7mi)"
338 - KANSAS CITY,14,7.7629285714285725,6.76,3,10,1,0,6,5,10,4,2,8,"KC Scaffold (1.2mi); TMS, Inc. (2.3mi); Tepa Companies (3.5mi); Sky Climber Access Solutions - Kansas City (4.6mi); K Building Specialties, Inc (4.8mi); Apache Industrial United (5.7mi); Murray Insulation (6.5mi); Drill Tech Drilling and Shoring (7.1mi); Midland Thermal Inc (7.2mi); Bay Insulation of Missouri (7.2mi)"
343-MILWAUKEE,11,14.137818181818181,10.483,1,7,3,0,2,2,8,2,1,2,"L & S Insulation Co (1.3mi); Seal Tight Spray Foam Insulation (4.5mi); Spraytech Insulators of Milwaukee (7.8mi); Thermal Comfort, Inc. (8.4mi); Wisconsin Scaffolding (8.6mi); Milwaukee Insulation Solutions, LLC (10.5mi); Brock Industrial Services (17.2mi); Superior Industrial Coating, Inc. (23.3mi); Victory Industrial Services (23.4mi); D & D Industrial Coatings (23.8mi)"
"6050-SAFWAY ATLANTIC, LLC (CARLSTADT)",25,11.13032,10.91,2,19,4,0,19,8,3,3,9,15,Integrity Scaffold Service Group (1.2mi); Hitech sidewalk shed & scaffolding (6.1mi); Advanced Scaffold Services (6.1mi); Alpine Painting & Sandblasting Contractors (6.6mi); Empire Sidewalk Shed & Scaffolding (7.4mi); Heavy Construction LLC (7.9mi); Swing Staging LLC (8.9mi); Atlas Ladder & Scaffolding Company Inc. (9.2mi); HKS SCAFFOLDING (9.5mi); Imperial Painting & Coatings LLC (9.7mi)
6056-ALBANY,10,7.631100000000001,4.0695,2,7,1,0,2,2,6,2,3,6,Irex Atlantic Contracting (3.0mi); Elite Spray Foam Troy (3.2mi); SRI Fire Sprinkler Llc (3.3mi); Albany Fire Protection Inc (3.8mi); Corrosion Products & Equipment (3.9mi); STC Mechanical (4.3mi); Correct Energy Spray Foam (4.4mi); Empire Insulation Specialties (11.9mi); Southern Tier Insulation (12.7mi); United Rentals - Scaffolding (25.9mi)
6072-LOS ANGELES,31,12.727870967741936,10.613,5,22,4,0,13,11,8,9,4,13,"Commercial Scaffolding Sales, Inc. (1.0mi); Commercial Scaffolding of California, Inc. (1.0mi); South Bay Scaffold & Ladder (1.4mi); Trench Shoring Company Corporate Office (2.1mi); RBH (2.4mi); Armour Hawthorne Insulation (2.8mi); Petrochem Insulation Inc (5.1mi); Ramcon Industrial Corporation (5.7mi); United Rentals - Trench Safety (8.8mi); Socal Scaffold (9.2mi)"
6073-CHICAGO - SAFWAY ATLANTIC,20,13.9834,15.806999999999999,3,16,1,0,8,5,7,6,6,11,"Reynoso Insulation (2.5mi); Professional (2.6mi); Industrial Maintenance Welding (2.8mi); United Scaffolding Inc. Canopy & Scaffold (4.4mi); Contractors Access Equipment (4.6mi); Progressive Coating (4.9mi); Bay Insulation of Illinois Inc (5.1mi); Chicago Scaffolding Inc. (6.1mi); Stone Mountain Access Systems, Inc. (10.0mi); Capital Industrial Coatings (15.8mi)"
6076-LAUREL,20,15.945749999999999,16.3495,6,13,1,0,8,6,9,5,3,13,PERI Formwork Systems Inc. | Elkridge Headquarters & Yard (5.6mi); Sunbelt Rentals Scaffold Services (5.9mi); Barrett & Sons (6.0mi); Mckinney Drilling Company (6.6mi); Irex Advanced Specialty (7.1mi); Thermal Science Technologies (8.4mi); Scaffold Resource (9.7mi); Southern Insulation Inc (13.6mi); Anderson Industrial Contracting (14.0mi); Central Maintenance Corp (15.1mi)
6079-SAN FRANCISCO,15,15.538,17.29,2,11,2,0,12,6,4,3,2,7,"Allstate Scaffolding (1.1mi); Vezer Industrial Professionals (6.1mi); Scaffold Solutions Inc (7.2mi); Industrial Ladder and Scaffolding, Inc. (8.5mi); Heat & Frost Insulators Local 16 (9.3mi); Jeffco Painting & Coating Inc (10.0mi); Peterson Industrial Scaffolding Inc (15.2mi); Xtreme Scaffolding (17.3mi); Bayside Insulation-Construction Inc (17.3mi); Alisto Engineering Group Inc (19.9mi)"
6082-LAS VEGAS,16,4.3586875,3.2755,2,13,1,0,4,4,8,3,3,7,"Leading Edge Scaffold, Inc. (0.9mi); Commercial Scaffolding of Nevada, Inc. (1.3mi); Vegas Valley Fire Protection (1.7mi); ALCAL Specialty Contracting Las Vegas - Home Service Division (1.8mi); Bay Insulation Supply of Nevada (2.0mi); Airde Mechanical Services - Industrial Rope Access Specialist (2.1mi); Shane Coatings Services Las Vegas (2.3mi); K-C Maintenance (2.3mi); Red Rock Insulation (4.3mi); Elite Spray Foam LLC (4.3mi)"
6088-SEATTLE,28,9.41092857142857,7.714,8,16,4,0,6,7,16,9,6,15,SafeWorks (0.1mi); Therm-All (0.6mi); North Pacific Industrial Coatings (0.8mi); Brand Energy and Infrastructure Services (1.8mi); SCAFFSOURCE (2.0mi); Harrington Insulation (2.2mi); Bay Insulation Supply of Washington (2.9mi); Alcal Specialty Contracting Kent - Home Service Division (3.4mi); Gallery - Accelerated Industrial Coatings (5.6mi); Puget Sound Coatings Inc (5.9mi)
6090-CLEVELAND,22,13.006227272727273,10.4995,3,19,0,0,3,3,14,5,3,15,WACO RED Scaffolding (0.0mi); NBW Inc (1.0mi); Bay Insulation of Ohio Inc. - Cleveland (1.2mi); Sunbelt Rentals Scaffold Services (1.9mi); Empire Refractory Services (2.3mi); North American Refractories Co (3.4mi); Tesar Industrial Contractors (5.3mi); American Scaffolding Inc (7.0mi); Empire Refractory Services (8.0mi); Cleveland Industrial Group (8.9mi)
6091-COLUMBUS,11,6.831727272727273,6.4,8,3,0,0,3,4,6,4,4,8,"Installed Building Products (1.5mi); Distribution International (3.8mi); George J. Igel & Co., Inc. (5.2mi); Foam Insulation Services LLC (6.2mi); Superior Industrial Insulation (6.4mi); Team Industrial Services, Inc. (6.4mi); Turn-Key Industrial Services (6.7mi); BlastOne International (8.2mi); ScaffoldBox (8.8mi); Team Industrial Services Inc (9.5mi)"
6095-SAN DIEGO,19,12.861105263157894,11.655,3,10,6,0,12,3,4,2,2,4,"United Scaffold, Inc. (0.3mi); Earp Insulation (3.1mi); Coating Services Group (4.3mi); Arise Scaffolding (5.5mi); Western Foundations & Shoring (5.8mi); GLS Spray Services Inc (9.8mi); American Scaffold (11.0mi); S D Scaffold Co (11.3mi); Turn Key Scaffold (11.4mi); Trench Shoring Company (11.7mi)"
6105-PHILADELPHIA,17,13.240352941176472,10.442,3,12,2,0,11,5,6,7,5,14,Skyway USA (1.7mi); FAD Corporation- Industrial Blasting and Coatings experts since 1983 (2.8mi); Sunbelt Rentals (3.6mi); Irex Advanced Specialty (7.0mi); Industrial Specialty Services (ISS) (7.8mi); Scanlon Industrial Companies LLC (8.6mi); Safespan Scaffolding Philadelphia (9.5mi); Corrosion Control Corporation (10.4mi); Kraemer Industrial Services (10.4mi); Scaffolding Today Inc (13.6mi)
6106-HARRISBURG,10,14.973500000000001,16.131,2,5,3,0,1,2,6,3,1,6,"Mechanical Insulation Services (0.5mi); C&C Insulation, Inc. (7.5mi); Advanced Industrial Services, Inc. (11.9mi); Minoan Industrial Services (12.5mi); First Capital Insulation Inc (15.3mi); Magnesita Refractories Co (17.0mi); PennCoat, Inc. (18.7mi); Irex Advanced Specialty (20.9mi); L C Insulation Inc (22.2mi); LOSHAW Thermal Technology, LLC (23.2mi)"
6110-NEW HAVEN,10,14.6855,12.134,1,8,1,0,4,1,6,2,1,2,"National Coatings & Supplies (3.8mi); Coastline Insulation, LLC (9.1mi); American Dry Stripping & Powder Coating (9.9mi); Dr. Energy Saver Connecticut (11.7mi); Attic Systems (11.7mi); Advanced Insulation Milford (12.5mi); United Rentals - Trench Safety (13.7mi); Alliance Scaffolding Inc (18.2mi); Surface Resto Inc - Sandblasting Services Long Island (27.0mi); Nutmeg Scaffold & Ladder Co (29.2mi)"
6111-BOSTON,12,17.65308333333333,17.580000000000002,0,11,1,0,8,2,5,2,2,7,"Industrial Precision Coatings (5.1mi); Forge Industries (6.5mi); D C Scaffold Inc (9.1mi); AB scaffolding inc (9.9mi); Triple G Scaffold Services Corporation (12.5mi); Topsafe Scaffold Services Inc (14.8mi); Scaffolding & Shoring Specialists | Lothrop Co (20.4mi); Advantcraft Scaffold Rental (23.9mi); Lynn Ladder & Scaffolding Co., Inc. (24.8mi); CorrTech Inc (26.7mi)"
6228-FONTANA - ENGEL HOLDINGS,18,15.978,13.751,4,12,2,0,8,6,4,5,2,9,"Industrial Insulation Inc (2.6mi); Continental Coatings (2.8mi); Leroy Vasquez Sandblasting (7.6mi); Pro Insulation, Inc. (7.9mi); Concrete Protection Systems West, Inc. (8.0mi); HTrefractory (9.0mi); Advance Premium Coatings (9.9mi); Access Solutions, Inc. DBA JC Scaffold Services. Bonded and Insured CL#1010301 (10.3mi); Devco Sandblasting & Industrial Coat (12.3mi); Trench Shoring Company (15.2mi)"
6231-UNION CITY - ENGEL HOLDINGS,24,15.874041666666665,13.2705,2,19,3,0,12,4,10,2,4,10,"Regal Insulation Services (2.0mi); True Arc Insulation (3.3mi); PTI Thermal Solutions (7.0mi); Performance Swing Stage (7.4mi); Accurate Firestop Inc (9.4mi); Gorilla Coatings, Corp. (11.1mi); Custom Scaffold (11.5mi); Bear Insulation and Services (11.6mi); Bear Scaffold & Services (11.6mi); Trench Shoring Company (12.6mi)"
6232-STANWOOD - ENGEL HOLDINGS,8,16.5445,18.826999999999998,4,4,0,0,3,3,6,3,2,6,Ballard Insulation (9.1mi); A & E Insulation Inc (9.8mi); National Trench Safety - Formerly Pay Dirt Trench Safety (9.9mi); Industrial Resources Inc (18.7mi); Brand Energy Solutions - Anacortes (19.0mi); Brand Energy Solutions (19.0mi); Farwest Corrosion Control Co (23.2mi); Norkote Inc. (23.6mi)
6251-Denver Commerical,20,7.48515,4.1255,9,7,4,0,13,6,11,8,6,13,Colorado Scaffolding & Equipment Co (0.8mi); Cornerstone Coatings (1.0mi); International Technifab (1.3mi); Petrochem (1.4mi); SOS Industrial Construction (1.5mi); Industrial Constructors/Managers (1.9mi); JT Thorpe (2.5mi); Cardinal Industrial Finishes (3.0mi); Alpha Insulation & Waterproofing (3.3mi); Sunbelt Rentals Scaffold Services (3.8mi)
"6271-NES BLOOMFIELD, CT",7,16.141142857142857,18.81,2,5,0,0,5,6,1,2,1,5,"New England Scaffolding (0.0mi); Triple G Scaffold Services Corporation (11.2mi); Scaffold Contractors Inc (11.6mi); Industrial Sandblast & Coating (18.8mi); Lynn Ladder & Scaffolding Co., Inc. (22.9mi); United Rentals - Trench Safety (23.9mi); AJ Virgilio Construction Inc (24.6mi)"
6321-AS KANSAS CITY,13,7.593615384615385,6.408,3,9,1,0,6,5,9,4,2,8,"KC Scaffold (1.1mi); TMS, Inc. (2.2mi); Tepa Companies (3.3mi); Sky Climber Access Solutions - Kansas City (4.5mi); K Building Specialties, Inc (4.6mi); Apache Industrial United (5.6mi); Murray Insulation (6.4mi); Midland Thermal Inc (7.1mi); Bay Insulation of Missouri (7.1mi); Drill Tech Drilling and Shoring (7.2mi)"
6322-AS DES MONIES,11,5.661363636363636,5.274,3,6,2,0,2,2,6,3,1,5,Blue Sky Cleaning & Demolition Services (2.0mi); H & E Weatherization (2.0mi); JC Toland Painting (2.2mi); L&L Insulations (2.5mi); Infinity Insulation (3.4mi); Apache Industrial (5.3mi); Thrasher Foundation Repair (7.3mi); IDI: Insulation Distributors Inc. (7.3mi); Industrial Refrigeration Services (7.5mi); Central States Scaffolding LLC (9.3mi)
6323-AS CEDAR RAPIDS M3,6,4.0136666666666665,0.873,3,3,0,0,5,3,2,1,2,4,"All American Scaffold (0.0mi); A Lert Construction (0.6mi); The Weitz Company | Cedar Rapids, IA (0.7mi); Icon Industrial Services, LLC (1.1mi); Blahnik Construction Company (1.1mi); Iowa-Illinois Taylor Insulation (20.6mi)"
6520-FORT MCMURRAY SUNCOR,6,6.729166666666667,7.826499999999999,4,2,0,0,4,3,4,5,2,6,Volker Stevin (0.4mi); Aluma Systems Canada Inc (4.1mi); SOOGADIN (7.8mi); Park Derochie Inc (7.8mi); Douglas Coatings Ltd (8.2mi); A.P.E. Maintenance Ltd (12.1mi)
6521-VANCOUVER,50,7.8831999999999995,7.3355,7,41,2,0,23,22,18,5,6,22,Alliance Refractories BC (0.1mi); Tricities Scaffolding (0.6mi); Matcon (0.8mi); Crossroads C & I Distributors (1.9mi); Atlas Scaffolding Ltd. (2.0mi); Northstar Access (2.7mi); Ener-Spray Pacific (2.7mi); Elevations Scaffold Ltd. (3.0mi); United Scaffold Supply Company (3.2mi); TTF Scaffolding Inc. (3.8mi)
6546-TORONTO,38,12.937868421052633,11.616,3,31,4,0,25,20,9,11,8,25,Tops Scaffold & Shoring Supply Ltd. (3.8mi); Khalsa Forming Inc. (4.5mi); Tower Scaffold Services Inc (5.1mi); SCAFFOLD.CA | Scaffolding & Shrink Wrapping (Formerly Bigshow) (5.3mi); Access Industrial Inc. | Fiberglass Grating | FRP Work Platforms | Stair and Step Platform (5.3mi); OMNI Scaffolding Supply Inc (5.6mi); Primestar International Fire Stopping (5.8mi); Earthline Foundations and Shoring Ltd (6.8mi); Action Scaffold Services (7.0mi); Royal Insulation (7.0mi)
6547-IOL Sarnia,12,1.8618333333333332,2.101,3,4,5,0,4,3,8,6,3,8,Chalmers Construction Ltd-See Aluma Systems Inc (0.1mi); Aluma Systems (Industrial Services) (0.1mi); Industrial Covers (1.4mi); Taiga Industrial Ltd. | Rope Access Services (1.5mi); Coatings & Polymeric Repairs (CPR) (1.6mi); JBI Coatings Inc (1.7mi); Federal Industrial Services (2.5mi); Spray Foam International (2.5mi); B & D Insulation Inc (2.6mi); C & C Coatings (2.7mi)
6575-EDMONTON RDC,51,6.448941176470589,4.308,5,39,7,0,22,8,16,14,7,27,Edmonton sandblasting & Painting Ltd. (0.2mi); Paragon Protective Coatings Ltd. (0.6mi); Team Industrial Services Inc. - Mechanical Services (1.6mi); Team Industrial Services - Inspection & Heat Treat Services (1.6mi); Engineered Containment Inc. (1.6mi); Do It Sandblasting & Painting (1.7mi); SPAAR Inc. (2.4mi); Chinook Scaffold Systems Ltd (2.4mi); Tehilla Firestopping & Fireproofing (2.4mi); MSCP Heat Management Solutions (2.4mi)
6710-KELSO,6,13.061333333333332,15.065999999999999,3,2,1,0,3,2,3,2,2,3,Layher Scaffolding (0.8mi); PNE Construction Division (2.4mi); Platinum Industrial (14.7mi); Precision Industrial Contractors Inc (15.5mi); Portland Pipe Insulators (15.6mi); Performance Contracting Inc (29.4mi)
6724-PASCGOULA,22,19.58518181818182,20.8765,3,14,5,0,11,4,12,8,7,13,"Industrial Specialty Services (5.1mi); General Insulation Company (5.2mi); International Industrial Coating (6.8mi); World Scaffold, LLC (16.4mi); Balius Industrial (16.5mi); Good Fella's Blasting and Coating Systems (17.1mi); Axis Industries (17.2mi); OMNI Industrial Services (18.8mi); Piney Insulation (18.9mi); Iberville Insulation (19.7mi)"
6725-NASHVILLE,13,10.94753846153846,9.055,8,4,1,0,9,4,5,3,8,10,"Alpha Insulation and Waterproofing, Inc (1.6mi); ScaffoldBox (2.5mi); Sunbelt Rentals Scaffold Services (5.5mi); Sunbelt Rentals Scaffold Services (5.7mi); RIS Insulation Supply (8.1mi); Capitol City Scaffolding And Equipment (8.9mi); AMS Industries, Inc. (9.1mi); Stone Mountain Access Systems, Inc. (9.6mi); Brand Energy Services (9.9mi); Tradesmen Crane & Scaffolding - Nashville (14.8mi)"
6726-LEXINGTON,2,11.373000000000001,11.373000000000001,0,1,1,0,0,0,0,1,0,2,"Mobile Soda Blasting & Coating LLC (9.1mi); Top Tier Industrial, LLC (13.6mi)"
6727-KNOXVILLE,2,13.3575,13.3575,0,2,0,0,2,1,1,0,1,1,Revolution Industrial Group (7.6mi); MMI Trutec Industries (19.2mi)
6728-MEMPHIS,7,9.398285714285715,9.425,0,7,0,0,3,2,3,1,0,4,"Insulation & Refractories Services Inc (1.8mi); Universal Scaffolding & Equipment (4.1mi); Stinson's Industrial (8.5mi); Active Fire Protection Services LLC (9.4mi); Chris-Hill Construction Company, LLC (13.4mi); Smith Construction & Industrial Mechanical (13.5mi); Thermal Corrosion Solutions LLC (15.0mi)"
6733-BOISE,10,8.4946,6.362500000000001,1,6,3,0,4,3,7,2,1,4,"Cascade Enterprises (0.8mi); Acme Insulation, Inc. (3.1mi); Superior Blasting Inc (5.5mi); 3e Insulation (6.2mi); G & G Insulation (6.4mi); Scaffolding Idaho (6.4mi); Bronco Company (7.9mi); Idaho Insulation (13.5mi); Treasure Valley Insulation (16.1mi); Industrial Builders Inc (19.1mi)"
6734-CHARLOTTE,9,15.440999999999999,14.893,3,4,2,0,4,1,7,0,1,5,Sunbelt Rentals Scaffold Services (2.9mi); ScaffoldBox Charlotte (4.8mi); Alpha Insulation & Waterproofing (5.5mi); Precise Thermal (13.2mi); Specialty Products & Insulation (14.9mi); Industrial Construction & Maintenance Inc. (19.9mi); Callaway Industrial Services Inc (23.6mi); Fiber Tech Insulation Co Inc (25.4mi); Virginia Carolina Refractory (28.7mi)
6735-RALEIGH DURHAM,11,7.757818181818181,8.171,3,7,1,0,5,3,8,4,5,6,Scaffolding Solutions (2.3mi); Southern Industrial Constructors (2.5mi); Comfort Systems USA Inc. (3.7mi); MPI Foam (5.1mi); FlameOFF Coatings (5.5mi); General NC Insulation LLC (8.2mi); Boatwright Insulation Co Inc (8.6mi); Sunbelt Rentals Scaffold Services (10.3mi); Insulating NC (12.2mi); Associated Scaffolding (13.0mi)
6736-CHARLESTON,5,6.7934,7.383,4,0,1,0,3,2,4,3,3,5,Sunbelt Rentals Scaffold Services (2.2mi); SPI - Specialty Products & Insulation (3.7mi); Main Industries Inc (7.4mi); Phillips Industrial Services (9.6mi); TIC - The Industrial Company (11.1mi)
6737-PENSACOLA,5,13.4766,7.817,1,4,0,0,3,2,3,1,2,4,"Coastal Insulation (4.0mi); Master Insulation Inc (6.6mi); Stone Mountain Access Systems, Inc. (7.8mi); American Industrial Construction (23.9mi); K&G Industrial Services LLC (25.1mi)"
6738 - CINCINNATI,18,17.60077777777778,18.625,3,15,0,0,6,5,11,7,4,11,"C & K Industrial Services (6.5mi); ScaffoldBox (7.2mi); Omni Fireproofing Systems, LLC (8.2mi); United Group Services, Inc. (9.0mi); Hansen Scaffolding (9.4mi); Mechanical Industrial Contracting, Inc. (14.0mi); Corrosion Protection Resources (15.2mi); Irex Advanced Industrial (16.1mi); Central Insulation Systems, Inc. (17.9mi); High Tech Systems & Equipment, Inc. (19.3mi)"
"6741-Greenville, SC",5,24.7756,25.591,2,3,0,0,0,1,2,1,1,3,Sandblasting Pros Greenville (13.6mi); Hope Power and Industrial (25.6mi); Trades Industrial Company Inc. (25.6mi); T E C Industrial (29.3mi); Distribution International (29.7mi)
6750-HOUSTON COMMERCIAL,57,11.890912280701755,11.417,6,42,9,0,33,13,30,22,6,33,Scaffolding- TNT Equipment Co Inc. (1.9mi); CMC Scaffolding Contractors (2.3mi); BETCO Scaffolds (2.8mi); Bay Insulation of Texas Inc (2.9mi); Core Refractory Systems (4.2mi); Corrosion Protection Processes (4.3mi); Scaffolding Today Inc. (4.8mi); Payless Insulation (5.3mi); High-tech Insulation (5.4mi); Oil Patch Sandblasting & Paint (5.7mi)
6752-ATLANTA,13,15.750615384615385,13.211,5,8,0,0,7,4,5,3,4,10,"Direct Scaffold Services (5.0mi); Aluma Systems (7.3mi); Sunbelt Rentals Scaffold Services (9.3mi); AT-PAC (10.1mi); Allied Corrosion Industries (10.3mi); Caldwell (11.8mi); Precision Blasting, LLC (13.2mi); Performance Contracting Inc (13.8mi); Performance Contracting Inc (23.3mi); Mastclimbers LLC (23.5mi)"
6753-WEST PALM,1,29.063,29.063,0,0,1,0,1,0,0,0,0,0,"American Eagle Scaffolding, Inc. (29.1mi)"
6754-JACKSONVILLE,11,8.921363636363635,8.073,2,7,2,0,6,1,6,4,3,8,"CCS - Commercial Construction Services (0.9mi); First Coast Stripping & Mobile Sandblasting (3.7mi); Register Insulation, Inc. (6.3mi); Commercial Insulation (6.6mi); Sunbelt Rentals Scaffold Services (7.4mi); Scaffolding & Aerial Lifts (8.1mi); First Choice Insulation & Specialties (9.3mi); Williams Industrial Services LLC (10.9mi); Staykool Industrial Coatings (13.6mi); American Scaffold (14.6mi)"
6760-SAN ANTONIO,11,7.990181818181818,8.915,2,7,2,0,6,3,7,3,2,4,"BETCO Scaffolds (1.5mi); General Insulation Company, Inc. (3.3mi); Specialty Coating Products (6.2mi); Performance Contracting Inc (6.9mi); Guardian Insulation (8.4mi); Total Insulation Solutions (8.9mi); Scaffold Engineering, Inc. (9.1mi); ScaffoldBox San Antonio (9.3mi); Williams Insulation / Chase Insulation (10.2mi); 1 Priority Coating and Bridge Painting - An EIS Company (10.8mi)"
6761-AUSTIN,18,9.382444444444445,8.186499999999999,5,8,5,0,7,5,6,3,3,9,Payless Insulation (0.5mi); ScaffoldBox Austin (1.4mi); ATX Environmental Solutions (3.0mi); Austin Coatings Inc (3.4mi); Austin ABM Office (5.3mi); Sunbelt Rentals Scaffold Services (6.0mi); Gto Mechanical Insulation Llc (6.9mi); MDM Scaffolding (7.9mi); Austin Sales & Scaffold (8.1mi); SuperGreen Insulation (8.3mi)
6762-MIAMI,25,10.70836,7.415,3,15,7,0,14,10,7,3,4,14,"F.B.E SERVICES LLC (0.5mi); ScaffoldBox Miami (2.4mi); Scaffolds of Florida (2.6mi); Southern Scaffold & Building Supplies (2.6mi); Green Service Insulation LLC (3.3mi); Insulation Masters (3.3mi); R & B Scaffolding Services (5.2mi); Heavy Civil, Inc (5.3mi); A B Firestop System (5.6mi); Green Tag Scaffolds (5.9mi)"
6763-MOBILE,21,10.40647619047619,9.634,3,13,5,0,8,5,10,4,4,11,Gulf Coast Industrial Maintenance (0.1mi); Direct Scaffold Services (0.7mi); Seal Tight Foam Insulation (2.5mi); Coastal Insulation (2.8mi); Abbott Rentals Inc (4.4mi); Daniel Pile & Shoring LLC (4.9mi); W B Shedd & Co LLC (6.7mi); Layher Scaffolding (7.8mi); Sunbelt Rentals Scaffold Services (7.9mi); OMNI Industrial Services (9.1mi)
6764-DALLAS,28,14.028714285714285,13.6365,5,17,6,0,11,6,11,8,5,14,"REOD Construction & Facilities Maintenance (2.9mi); M&A Insulating (4.2mi); Swing Scaffolds Inc (4.4mi); Powder & Protective Coatings Texas (4.4mi); Jones-Blair (5.1mi); Dallas Scaffolding (6.1mi); Contractors Access Equipment (6.1mi); Dallas Scaffolding Rental (7.1mi); H & K, Inc. (7.3mi); Painters USA - Industrial and Commercial (8.3mi)"
6769-ORLANDO,8,15.45925,13.244499999999999,2,5,1,0,4,3,3,1,1,4,"United Rentals - Scaffolding (5.8mi); Capstone Insulation LLC (8.8mi); RCR Mechanical Insulation, Inc. (9.1mi); Hotspray Industrial Coatings (12.1mi); ScaffoldBox Orlando (14.4mi); Universal Forming Inc (17.2mi); Trekker Group (27.3mi); Alpha Insulation & Waterproofing (29.0mi)"
6781-DENVER,20,7.504099999999999,4.9625,9,7,4,0,13,6,11,8,6,13,Industrial Constructors/Managers (0.5mi); Cornerstone Coatings (0.6mi); Colorado Scaffolding & Equipment Co (0.7mi); SOS Industrial Construction (1.1mi); Cardinal Industrial Finishes (1.7mi); Alpha Insulation & Waterproofing (1.8mi); Petrochem (2.4mi); International Technifab (2.5mi); Sunbelt Rentals Scaffold Services (3.7mi); JT Thorpe (4.0mi)
6782-EL PASO,13,7.114692307692308,6.615,3,8,2,0,7,3,7,4,3,8,"Southwestern Industrial Contractors & Riggers Inc (0.9mi); Distribution International (1.7mi); VSC Fire & Security, Inc. (1.8mi); Northwest Insulation Co Inc (4.1mi); Bowen Industrial Contractors,inc. (4.3mi); Sunstate Equipment Trench Safety Rentals (5.4mi); ZTEX Construction Inc. (6.6mi); MDA Insulation Inc (6.7mi); Affordable Scaffold Rental (8.3mi); Service Insulation (8.6mi)"
6783-ALBUQUERQUE,12,3.046,2.4835000000000003,4,8,0,0,6,4,6,1,3,9,"American National Insulation (1.1mi); Meridian Contracting (1.5mi); Am National Insulation & Seal (1.6mi); Garrity Insulation Inc (2.1mi); Territorial Scaffold Inc (2.1mi); RMCI (2.5mi); Seal Co Inc (2.5mi); Scaffold Systems, Inc. (2.9mi); Distribution International (2.9mi); Sealant Specialists Inc (4.0mi)"
6784-PHOENIX,20,11.6524,10.025,12,7,1,0,8,8,4,8,6,16,"Industrial Service Solutions (1.8mi); Jet Industries, Inc (2.6mi); Pro-Strip Media Blasting & Powder Coating (6.6mi); Precision Industrial Painting, Inc. (7.1mi); Sunbelt Rentals Scaffold Services (7.2mi); Sunstate Equipment Trench Safety Rentals (8.0mi); Aluma Systems (Concrete Construction) (8.3mi); United Rentals - Trench Safety (9.1mi); Summit Industrial Construction LLC (9.3mi); Arizona Coating Applicators (9.7mi)"
6785-NORFOLK,18,8.9045,7.1575,6,9,3,0,6,3,7,6,5,11,"American Stripping Co (1.5mi); C.E. Thurston & Sons, Inc. (1.6mi); Bridge Scaffold & Ladder Co (1.9mi); Herc Rentals (2.6mi); B&B Insulation, LLC (3.1mi); Empire Scaffold (4.0mi); Norfolk Coating Services (4.0mi); Thermcor (4.6mi); Harbor Industrial Services, Inc. (5.4mi); JRC Mechanical LLC (8.9mi)"
6786-RICHMOND,16,9.435875,8.9375,5,11,0,0,10,7,7,5,7,14,"W.W. Nash & Sons, Inc. (2.2mi); Associated Scaffolding Richmond, VA (3.8mi); MultiService Industrial (5.0mi); Scaffolding Solutions (5.0mi); Sunbelt Rentals Scaffold Services (5.4mi); Brand Energy Solutions (7.4mi); Gibson Industrial Inc (8.2mi); C. E. Thurston & Sons, Inc. (8.5mi); Unitherm Inc (9.4mi); Industrial Welding & Mechanical Inc. (11.6mi)"
6787-UTAH,19,7.818315789473684,4.691,3,15,1,0,12,9,11,8,11,14,"Commercial Mechanical System & Services (0.9mi); Total Insulation West Valley City (0.9mi); Bowers Industrial Coatings & Linings (1.1mi); CCI Mechanical, Inc. (1.2mi); RMD (1.6mi); Archer Mechanical & Maintenance Contractors Inc. (1.7mi); Apache Industrial Services (2.3mi); Advanced shoring (2.5mi); PETROCHEM INSULATION (4.7mi); Savage Scaffold & Equipment (4.7mi)"
6788-BILLINGS,4,8.507,5.7219999999999995,0,4,0,0,1,1,4,1,1,1,"Billings Insulation Service (0.7mi); Mountain Mechanical Insulation (4.2mi); Weldtech Services (7.2mi); Spray Pros Insulation, LLC (21.9mi)"
6791-BOW,8,16.587125,16.1065,0,6,2,0,2,0,4,2,0,3,"Damon Insulation Co (1.8mi); Seacoast Scaffold & Equipment (3.6mi); Green Era Insulation, LLC (13.2mi); Amherst Insulation & Firestop (15.9mi); Associated Scaffold Builders, LLC (16.3mi); Modern Protective Coating Inc (26.4mi); Quality Insulation (26.4mi); DJ & Sons Sandblasting (29.0mi)"
6792-NORWELL,8,14.716375,14.274000000000001,0,8,0,0,7,2,3,1,2,5,"Triple G Scaffold Services Corporation (1.5mi); Industrial Precision Coatings (9.2mi); AB scaffolding inc (13.5mi); D C Scaffold Inc (13.7mi); Topsafe Scaffold Services Inc (14.8mi); Forge Industries (20.3mi); Scaffolding & Shoring Specialists | Lothrop Co (22.0mi); Lynn Ladder & Scaffolding Co., Inc. (22.7mi)"
6793-BLOOMFIELD,6,11.269333333333334,11.386,2,4,0,0,4,4,0,1,0,4,"New England Scaffolding (0.0mi); Maine Drilling & Blasting Inc (3.1mi); Triple G Scaffold Services Corporation (11.2mi); Scaffold Contractors Inc (11.6mi); Industrial Sandblast & Coating (18.8mi); Lynn Ladder & Scaffolding Co., Inc. (22.9mi)"
6795-TAMPA,22,12.307818181818181,9.793,5,13,4,0,8,5,7,9,4,17,"Sunbelt Rentals Scaffold Services (0.6mi); Industrial & Marine Maintenance Inc (2.3mi); American Construction Services (2.4mi); Shield Coatings & Weatherproofing, Inc (2.4mi); VCS Durability, Inc (2.5mi); IDI: Insulation Distributors Inc. (3.7mi); Interbay Coatings Inc (4.5mi); Anchor Sandblasting and Coatings, LLC (4.7mi); Blasters, Inc. (5.0mi); Sunstate Coatings Inc (7.0mi)"
6810-BENICIA,25,16.94932,19.339,5,17,3,0,18,8,5,4,3,12,"Heat & Frost Insulators Local 16 (0.2mi); Industrial Ladder and Scaffolding, Inc. (0.8mi); Performance Contracting Inc (1.6mi); Peterson Industrial Scaffolding Inc (6.5mi); Jeffco Painting & Coating Inc (7.8mi); Xtreme Scaffolding (8.3mi); Bayside Insulation-Construction Inc (8.4mi); Allstate Scaffolding (9.7mi); ACME Integrated Services (10.9mi); Scaffold Solutions Inc (12.2mi)"
6815-SAN JOSE,14,13.303214285714287,7.502,3,10,1,0,5,2,6,0,1,5,Central California Insulation (4.0mi); Bear Scaffold & Services (4.3mi); Bear Insulation and Services (4.3mi); Custom Scaffold (4.4mi); Therma (4.4mi); Eagle Insulation Inc. (4.6mi); The Cade Corporation (4.9mi); Gold Valley Scaffolding (10.1mi); Core & Main Fire Protection (18.8mi); Accurate Firestop Inc (21.3mi)
6850-SPOKANE,7,7.1124285714285715,2.731,2,3,2,0,3,4,5,2,2,3,Garco Construction (1.5mi); United Rentals - Trench Safety (2.4mi); Professional Insulation (2.5mi); Superior Insulation (2.7mi); Energy Star Insulation (7.1mi); Advanced Fireproofing & Insulation Co. (8.0mi); McKenzie Scaffold-Shoring (25.5mi)
6865-PORTLAND,11,14.592636363636364,14.699,1,9,1,0,5,3,6,7,2,6,"Vale Insulation Group, Inc. (0.6mi); Northwest Scaffold Service, Inc. (7.9mi); Cardinal Industrial Finishes (10.0mi); Petrochem Insulation (10.7mi); Concrete Forming & Placing LLC (14.0mi); Swan Island Sandblast (14.7mi); Performance Contracting Inc. (15.4mi); Partner Industrial (18.1mi); Continental Coating Corporation (22.1mi); Performance & Energy Services, Inc. (23.4mi)"
6868-SACRAMENTO,9,9.016333333333334,8.631,2,7,0,0,5,3,2,2,1,5,"Blasting Materials & Equipment, Inc (1.1mi); Industrial Ladder and Scaffolding, Inc. (2.1mi); Skyline Scaffold (4.4mi); ROYAL SCAFFOLD AND PLASTERING (8.0mi); Malcolm International LLC (8.6mi); Brand Energy and Infrastructure Services (8.8mi); IDI: Insulation Distributors Inc. (10.5mi); Toledo Industrial Coatings (16.9mi); Corrosion Integrity LLC (20.7mi)"
6871-PASCO,11,6.132636363636364,3.831,3,6,2,0,5,4,8,6,5,8,McKinstry (1.1mi); Intermountain West Insulation (2.9mi); Sunstate Equipment (3.5mi); Hancock Sandblast & Paint LLC (3.5mi); Thermal Tech Inc (3.7mi); A+ Quality Insulation INC (3.8mi); SPI - Specialty Products & Insulation (6.6mi); MacDonald-Miller Facility Solutions (10.1mi); Total Site Services (10.2mi); K. Fox Insulation (10.3mi)
6873-EUGENE,1,2.152,2.152,1,0,0,0,0,0,1,0,0,1,Distribution International (2.2mi)
6888-BELLINGHAM,7,21.353571428571428,25.036,2,5,0,0,3,2,4,3,2,5,Performance Contracting Inc (5.4mi); Integral Containment (17.9mi); Ross Rex Industrial Painters Ltd (24.7mi); Fransor Insulation Ltd. (25.0mi); Coast Industrial Maintenance & Machine Ltd (25.1mi); Pacific Flow Control (25.3mi); Industrial Resources Inc (26.1mi)
6925-ANCHORAGE,14,2.521857142857143,1.913,4,8,2,0,3,2,9,8,2,10,"Anchorage Protective Coatings inc. (0.6mi); Brand Energy Services (0.7mi); Kane Inc (1.1mi); Distribution International (1.5mi); Northern Insulation Solutions (1.7mi); Alaska Insulation Supply (1.8mi); Heat & Frost Insulators Local (1.9mi); CCI Industrial Services, LLC (1.9mi); Petrochem Insulation, Inc. (2.7mi); IVL Spray Foam Insulation (3.3mi)"
6950-KAPOLEI,5,12.8242,13.527,1,3,1,0,2,1,4,1,1,3,Haas Insulation Inc (10.6mi); Unitek Contracting Group (11.2mi); Unitek Technical Services Llc (13.5mi); Atlas Sales Co (13.9mi); Acutron LLC (14.9mi)
ASSC OF CA (SACRAMENTO),8,21.247,22.450499999999998,1,7,0,0,3,1,2,1,0,4,"IDI: Insulation Distributors Inc. (13.6mi); ROYAL SCAFFOLD AND PLASTERING (17.4mi); Skyline Scaffold (20.3mi); Industrial Ladder and Scaffolding, Inc. (21.8mi); Corrosion Integrity LLC (23.1mi); Blasting Materials & Equipment, Inc (23.7mi); Toledo Industrial Coatings (24.9mi); Thermal Systems Mechanical Insulation, Inc. (25.2mi)"
Atlanta,14,14.41942857142857,15.9085,7,7,0,0,10,7,4,4,5,11,"Aluma Systems (0.0mi); Brand Energy and Infrastructure Services (0.1mi); Direct Scaffold Services (2.8mi); Precision Blasting, LLC (9.3mi); Sunbelt Rentals Scaffold Services (11.3mi); Caldwell (12.1mi); American Shoring Inc. (15.3mi); AT-PAC (16.6mi); Allied Corrosion Industries (16.7mi); Performance Contracting Inc (18.0mi)"
BAY CITY,3,18.377333333333336,16.68,0,3,0,0,2,1,2,2,2,3,"Fisher Contracting, Co. (13.6mi); Irex Advanced Industrial (16.7mi); Heat Tech Industrial (24.9mi)"
Beltsville,19,11.348842105263158,11.848,6,11,1,1,9,6,7,6,3,15,"TA Scaffold (2.0mi); Insulation Solutions, Inc. (3.4mi); Brand Energy and Infrastructure Services (3.6mi); Distribution International (5.9mi); Central Maintenance Corp (6.3mi); Total Industrial Group (6.4mi); Frontier Insulation Contractors (7.2mi); Anderson Industrial Contracting (9.8mi); Piping and Corrosion Specialties, Inc. (10.6mi); Hudak Insulation Inc. (11.8mi)"
CINCINNATI,11,12.216000000000001,15.241,2,9,0,0,4,2,7,4,3,5,"Omni Fireproofing Systems, LLC (0.6mi); Hansen Scaffolding (1.0mi); ScaffoldBox (3.5mi); Irex Advanced Industrial (7.7mi); Central Insulation Systems, Inc. (9.7mi); Priority One Construction Services (15.2mi); American Insulation Technologies (15.4mi); Advanced Mechanical Insulators LLC (15.4mi); Valley Insulation (17.1mi); King Custom Coatings (21.5mi)"
Chicago,6,16.513,14.5295,0,5,1,0,2,0,4,3,0,2,"ANI-Midwest Fireproofing and Insulation (3.8mi); Northwest Insulation (10.8mi); H&Z Fireproofing, Inc. (13.9mi); Americana Industrial Coatings (Specialty Painting & Blasting) (15.1mi); Progressive Coating (27.5mi); United Scaffolding Inc. Canopy & Scaffold (28.0mi)"
Corpus,15,4.046333333333333,2.129,7,6,2,0,9,7,9,3,5,14,"Brand Energy and Infrastructure Services (0.0mi); CCC Group Inc (0.2mi); Team Industrial Services Inc (0.8mi); H&S Constructors, Inc. (1.7mi); Industrial Thermal Services (1.9mi); Taurus Industrial Group (2.1mi); Hi-Tech Industrial Services LLC (2.1mi); Aztec Bolting Services - Corpus Christi (2.1mi); Distribution International (2.2mi); J & J Insulation & Acoustics (2.5mi)"
Detroit,17,17.605823529411765,17.062,1,13,3,0,5,6,7,4,3,11,"BMI Refractory Services, Inc. (6.3mi); Eagle Insulation services (6.8mi); Statewide Insulation Co. Inc (8.0mi); GBS Scaffolding & Services Corporation (10.5mi); United Rentals - Trench Safety (10.7mi); Schad Refractory (12.2mi); High Tech Insulators (12.3mi); Midwest Maintenance, Inc. (14.5mi); Scaffolding Incorporated (17.1mi); Campbell Industrial Contractor (20.5mi)"
Freeport Brand,8,12.19175,7.763,2,6,0,0,4,2,4,6,2,7,Thermal Polymer Systems LC (3.8mi); Coastal Industrial Coatings (5.2mi); TEAM Industrial Services - Inspection & Heat Treating (6.3mi); Marquis Industrial Services (7.4mi); Protexan Industrial Coatings LLC (8.2mi); Turner Industries Freeport Office (16.2mi); Element Industrial (23.7mi); Able Industrial LLC (26.8mi)
Great Lakes Midwest,1,29.691,29.691,1,0,0,0,1,1,1,1,0,1,"RG Smith Company, llc (29.7mi)"
Houston,60,12.716316666666668,10.278500000000001,10,44,6,0,30,16,29,26,10,46,"Vector Corrosion Technologies (1.1mi); Iss Leak Sealers (2.4mi); H+M Industrial EPC (3.3mi); Excel Modular Scaffold (4.5mi); Cajun Industries (4.5mi); Axios Industrial Maintenance (4.5mi); Third Coast Industrial Coatings, Inc. (5.1mi); Scaffold Solutions, Inc. (5.2mi); Standard Constructors Inc (5.4mi); GULF COAST MECHANICAL & COATINGS (5.5mi)"
Huntington,3,9.825666666666665,12.103,0,3,0,0,1,0,2,2,0,3,Thermal Solutions (4.0mi); Global Scaffold Construction SE (12.1mi); Core Industrial Group (13.4mi)
INDIANAPOLIS,14,11.558785714285715,11.682,0,13,1,0,4,2,7,4,3,8,"Specialty Products SPI (0.6mi); MacAllister Underground Shoring & Pump (4.1mi); PPMI Firestop, Inc. (5.6mi); Performance Mechanical Contracting (6.2mi); Indy Insulation and Spray Company (6.6mi); Industrial Service Group (9.1mi); Division Seven Indianapolis (11.1mi); Hutson Industrial Services (12.3mi); Irex Advanced Industrial (13.7mi); ScaffoldBox Indianapolis (15.2mi)"
Linden NJ,15,20.3462,21.475,1,11,3,0,7,6,3,3,2,11,"Icon Equipment Distributors, Inc. (5.1mi); Jersey Firestop (10.3mi); Scaffolding Towers of America (10.7mi); Shore Systems Group L.L.C. (17.3mi); Premier Insulators (17.3mi); Vortex Companies - Freehold, NJ (19.9mi); Fox's Ladder & Scaffold Co (21.5mi); Unique Scaffolding Systems, LLC (21.5mi); Ocean Fireproofing (22.4mi); United Rentals - Trench Safety (23.8mi)"
Long Beach,35,10.089685714285714,8.294,10,21,4,0,18,13,12,12,8,18,"Vaughan's Industrial Repair (1.7mi); Western Refractory 3914 Cherry Ave #B Long Beach, CA 90807 (2.4mi); Petrochem Insulation Inc (3.5mi); Industrial Coatings & Fireproofing (3.9mi); Murphy Industrial Coatings Inc (4.1mi); Safety builder scaffold inc. (5.1mi); Trench Shoring Company Corporate Office (5.9mi); RECON Refractory Services (6.2mi); United Rentals - Trench Safety (6.3mi); Thermo Power Industries (6.4mi)"
MID WEST,11,11.924272727272728,10.103,4,7,0,0,4,2,6,5,4,10,"Heartland Industrial Services (6.5mi); Safeworks LLC (7.1mi); Bilfinger Industrial Services Inc. (8.8mi); Fire Stop Technologies (9.5mi); Bi-State Insulation, Inc. (9.7mi); Show Me Industrial Services, Inc. (10.1mi); Christy Industrial Services (11.0mi); Distribution International (12.6mi); IDI: Insulation Distributors Inc. (16.8mi); Thomas Industrial Coatings (18.8mi)"
Morgan City,4,13.92475,13.322,1,3,0,0,2,3,1,1,2,4,"Sunbelt Rentals Scaffold Services (11.2mi); Stone Mountain Access Systems, Inc. (11.6mi); Roubion Shoring & Construction (15.0mi); Abry Brothers Inc (17.9mi)"
NEW BRUNSWICK,5,0.9186,0.637,1,4,0,0,3,2,2,3,2,3,Brand Energy and Infrastructure Services (0.0mi); MacDonald Applicators (0.5mi); Industcom Insulation Contrs (0.6mi); Sancton Access Inc (1.0mi); Atlantic Corrosion Services Inc (2.4mi)
Nashville,13,10.94753846153846,9.055,8,4,1,0,9,4,5,3,8,10,"Alpha Insulation and Waterproofing, Inc (1.6mi); ScaffoldBox (2.5mi); Sunbelt Rentals Scaffold Services (5.5mi); Sunbelt Rentals Scaffold Services (5.7mi); RIS Insulation Supply (8.1mi); Capitol City Scaffolding And Equipment (8.9mi); AMS Industries, Inc. (9.1mi); Stone Mountain Access Systems, Inc. (9.6mi); Brand Energy Services (9.9mi); Tradesmen Crane & Scaffolding - Nashville (14.8mi)"
Nederland,15,14.145999999999999,16.098,5,10,0,0,11,5,8,5,3,11,"Brand Energy Solutions (0.0mi); Mason Construction, LLC (6.5mi); Industrial Scaffolding (9.4mi); Trinity Industrial Services LLC (10.8mi); Elite Turnaround Specialist (11.9mi); Sunbelt Rentals Scaffold Services (13.7mi); Specialty Insulation Solutions (14.1mi); Distribution International (16.1mi); Industrial Scaffolding LLC (16.2mi); Empire Scaffolding (17.2mi)"
Philadelphia,14,14.111857142857144,12.184999999999999,2,10,2,0,10,4,5,5,4,11,FAD Corporation- Industrial Blasting and Coatings experts since 1983 (2.6mi); Sunbelt Rentals (3.8mi); Irex Advanced Specialty (6.7mi); Industrial Specialty Services (ISS) (7.7mi); Scanlon Industrial Companies LLC (8.4mi); Safespan Scaffolding Philadelphia (9.2mi); Kraemer Industrial Services (10.6mi); Scaffolding Today Inc (13.7mi); Guller Insulation (15.1mi); Complete Scaffold Inc (20.8mi)
San Francisco,14,15.185285714285714,16.2475,2,11,1,0,12,6,3,3,2,7,"Allstate Scaffolding (1.1mi); Vezer Industrial Professionals (6.1mi); Scaffold Solutions Inc (7.2mi); Industrial Ladder and Scaffolding, Inc. (8.5mi); Heat & Frost Insulators Local 16 (9.3mi); Jeffco Painting & Coating Inc (10.0mi); Peterson Industrial Scaffolding Inc (15.2mi); Xtreme Scaffolding (17.3mi); Alisto Engineering Group Inc (19.9mi); ACME Integrated Services (19.9mi)"
Seattle,13,19.121307692307692,19.821,3,10,0,0,5,4,7,5,3,9,"Farwest Corrosion Control Co (2.6mi); Performance Contracting Inc (11.7mi); Specialty Insulation NW, LLC (13.7mi); Ryatt Construction (14.2mi); A & E Insulation Inc (16.9mi); Subsurface Construction (17.6mi); Ballard Insulation (19.8mi); Performance Contracting Inc (22.3mi); Hudson Bay Insulation (23.7mi); Berg Equipment & Scaffolding Co., Inc. (24.3mi)"
Tampa,22,13.972090909090907,10.1125,5,13,4,0,8,5,7,9,4,16,"IDI: Insulation Distributors Inc. (0.4mi); Blasters, Inc. (2.0mi); American Construction Services (4.5mi); Sunbelt Rentals Scaffold Services (4.6mi); Shield Coatings & Weatherproofing, Inc (4.7mi); Interbay Coatings Inc (4.8mi); Industrial & Marine Maintenance Inc (5.4mi); Anchor Sandblasting and Coatings, LLC (5.5mi); Merit Professional Coatings (6.2mi); Sunstate Scaffold Services (8.3mi)"
Tulsa,15,7.661333333333333,7.891,2,10,3,0,5,4,8,5,4,7,"C3 Industrial, LLC (0.3mi); McIntosh Corporation (1.2mi); SPI - Specialty Products & Insulation (2.4mi); Bouchard Insulation Inc (4.7mi); Oklahoma Insulation Solutions (7.5mi); Construction & Turnaround Services (7.7mi); Global Scaffolding and Insulation (7.9mi); Global Industrial, Inc. (7.9mi); Aegion Coating Services (7.9mi); Contractor Solutions Trench Shoring (8.7mi)"
